,Sales,Year,Month,DayOfWeek
count,12.0,12.0,12.0,12.0
mean,-5.527985476779426e-16,2024.0,6.5,2.8333333333333335
std,1.044465935734187,0.0,3.605551275463989,2.2495790852081776
min,-1.3081202540744992,2024.0,1.0,0.0
25%,-0.5697860443549474,2024.0,3.75,0.75
50%,-0.20273815364476838,2024.0,6.5,3.0
75%,0.5063509008103464,2024.0,9.25,4.25
max,2.374226252265033,2024.0,12.0,6.0
