Model,R2 Score,Mean Absolute Error,Mean Squared Error
Linear Regression,-0.5240624107819891,1.8452883010430774,3.4593416357777094
Decision Tree,-0.938466772529921,2.0773949903781648,4.399963392800738
Random Forest,-0.7536871686391506,1.9550965546143617,3.9805476440363052
XGBoost,-0.9850682293385,2.0356051477883796,4.50574013703728
