A,D,C_year,C_month,C_day,C_dayofweek,B_apple,B_banana,B_orange
-1.414213562373095,-1.3416407864998738,2020.0,1.0,1.0,2.0,1.0,0.0,0.0
0.0,-0.4472135954999579,2020.0,2.0,1.0,5.0,0.0,1.0,0.0
1.414213562373095,0.4472135954999579,2020.0,3.0,1.0,6.0,0.0,0.0,0.0
0.0,1.3416407864998738,,,,,0.0,0.0,1.0
